# Generated from Yale Bright Star Catalog / NASA HEASARC BSC5. Columns: hr,ra_hours,dec_deg,visual_magnitude
2491,6.752472222,-16.716111111,-1.46
2326,6.399194444,-52.695833333,-0.72
5340,14.261027778,19.182500000,-0.04
5459,14.659972222,-60.835277778,-0.01
7001,18.615638889,38.783611111,0.03
1708,5.278166667,45.998055556,0.08
1713,5.242305556,-8.201666667,0.12
2943,7.655027778,5.225000000,0.38
472,1.628583333,-57.236666667,0.46
2061,5.919527778,7.406944444,0.50
5267,14.063722222,-60.373055556,0.61
7557,19.846388889,8.868333333,0.77
1457,4.598666667,16.509166667,0.85
6134,16.490111111,-26.431944444,0.96
5056,13.419888889,-11.161388889,0.98
2990,7.755250000,28.026111111,1.14
8728,22.960861111,-29.622222222,1.16
4853,12.795333333,-59.688611111,1.25
7924,20.690527778,45.280277778,1.25
4730,12.443305556,-63.099166667,1.33
5460,14.660027778,-60.835555556,1.33
3982,10.139527778,11.967222222,1.35
2618,6.977083333,-28.972222222,1.50
4763,12.519416667,-57.113333333,1.63
6527,17.560138889,-37.103888889,1.63
1790,5.418861111,6.349722222,1.64
1791,5.438194444,28.607500000,1.65
3685,9.220000000,-69.717222222,1.68
1903,5.603555556,-1.201944444,1.70
4731,12.443472222,-63.099444444,1.73
8425,22.137222222,-46.961111111,1.74
4905,12.900472222,55.959722222,1.77
3207,8.158888889,-47.336666667,1.78
1017,3.405388889,49.861111111,1.79
4301,11.062138889,61.750833333,1.79
2693,7.139861111,-26.393333333,1.84
6879,18.402861111,-34.384722222,1.85
3307,8.375222222,-59.509722222,1.86
5191,13.792333333,49.313333333,1.86
6553,17.622000000,-42.997777778,1.87
2088,5.992138889,44.947500000,1.90
6217,16.811083333,-69.027777778,1.92
2421,6.628527778,16.399166667,1.93
7790,20.427472222,-56.735000000,1.94
3485,8.745055556,-54.708333333,1.96
2294,6.378333333,-17.955833333,1.98
2891,7.576666667,31.888333333,1.98
3748,9.459777778,-8.658611111,1.98
617,2.119555556,23.462500000,2.00
5958,15.991722222,25.920277778,2.00
424,2.530194444,89.264166667,2.02
7121,18.921083333,-26.296666667,2.02
188,0.726500000,-17.986666667,2.04
1948,5.679305556,-1.942777778,2.05
15,0.139805556,29.090555556,2.06
337,1.162194444,35.620555556,2.06
2004,5.795944444,-9.669722222,2.06
5288,14.111388889,-36.370000000,2.06
5563,14.845083333,74.155555556,2.08
6556,17.582250000,12.560000000,2.08
8636,22.711138889,-46.884722222,2.10
936,3.136138889,40.955555556,2.12
4534,11.817666667,14.571944444,2.14
4819,12.691944444,-48.959722222,2.17
7796,20.370472222,40.256666667,2.20
3634,9.133277778,-43.432500000,2.21
168,0.675138889,56.537222222,2.23
1852,5.533444444,-0.299166667,2.23
5793,15.578138889,26.714722222,2.23
6705,17.943444444,51.488888889,2.23
3165,8.059750000,-40.003333333,2.25
3699,9.284833333,-59.275277778,2.25
603,2.065000000,42.329722222,2.26
21,0.152972222,59.149722222,2.27
5054,13.398750000,54.925277778,2.27
6241,16.836055556,-34.293333333,2.29
5132,13.664777778,-53.466388889,2.30
5469,14.698833333,-47.388333333,2.30
5440,14.591777778,-42.157777778,2.31
5953,16.005555556,-22.621666667,2.32
4295,11.030694444,56.382500000,2.37
99,0.438055556,-42.306111111,2.39
8308,21.736444444,9.875000000,2.39
6580,17.708138889,-39.030000000,2.41
8775,23.062916667,28.082777778,2.42
6378,17.172972222,-15.724722222,2.43
4554,11.897166667,53.694722222,2.44
8162,21.309666667,62.585555556,2.44
2827,7.401583333,-29.303055556,2.45
7949,20.770194444,33.970277778,2.46
264,0.945138889,60.716666667,2.47
8781,23.079361111,15.205277778,2.49
3734,9.368555556,-55.010833333,2.50
911,3.038000000,4.089722222,2.53
5231,13.925666667,-47.288333333,2.55
4357,11.235138889,20.523611111,2.56
6175,16.619305556,-10.567222222,2.56
1865,5.545500000,-17.822222222,2.58
4662,12.263444444,-17.541944444,2.59
4621,12.139305556,-50.722500000,2.60
7194,19.043527778,-29.880277778,2.60
4057,10.332861111,19.841666667,2.61
5685,15.283444444,-9.383055556,2.61
2095,5.995361111,37.212500000,2.62
5984,16.090611111,-19.805555556,2.62
553,1.910666667,20.808055556,2.64
1956,5.660805556,-34.074166667,2.64
4786,12.573111111,-23.396666667,2.65
5854,15.737805556,6.425555556,2.65
403,1.430277778,60.235277778,2.68
5235,13.911416667,18.397777778,2.68
5571,14.975527778,-43.133888889,2.68
1577,4.949888889,33.166111111,2.69
4216,10.779500000,-49.420000000,2.69
4798,12.619722222,-69.135555556,2.69
6508,17.512722222,-37.295833333,2.69
2773,7.285722222,-37.097500000,2.70
5506,14.749777778,27.074166667,2.70
6859,18.349916667,-29.828055556,2.70
7525,19.771000000,10.613333333,2.72
6056,16.239083333,-3.694444444,2.74
6132,16.399861111,61.514166667,2.74
5028,13.343277778,-36.712222222,2.75
5531,14.847972222,-16.041666667,2.75
4199,10.715944444,-64.394444444,2.76
1899,5.590555556,-5.910000000,2.77
6148,16.503666667,21.489722222,2.77
6603,17.724555556,4.567222222,2.77
5776,15.585694444,-41.166944444,2.78
1666,5.130833333,-5.086388889,2.79
6536,17.507222222,52.301388889,2.79
98,0.429194444,-77.254166667,2.80
4656,12.252416667,-58.748888889,2.80
3185,8.125722222,-24.304166667,2.81
6212,16.688111111,31.603055556,2.81
6913,18.466166667,-25.421666667,2.81
6165,16.598055556,-28.216111111,2.82
39,0.220611111,15.183611111,2.83
4932,13.036277778,10.959166667,2.83
1829,5.470750000,-20.759444444,2.84
1203,3.902194444,31.883611111,2.85
5897,15.919027778,-63.430555556,2.85
6461,17.421666667,-55.530000000,2.85
591,1.979500000,-61.569722222,2.86
8502,22.308361111,-60.259722222,2.86
1165,3.791416667,24.105000000,2.87
7528,19.749583333,45.130833333,2.87
8322,21.784000000,-16.127222222,2.87
2286,6.382666667,22.513611111,2.88
2890,7.576666667,31.888611111,2.88
1220,3.964222222,40.010277778,2.89
5671,15.315166667,-68.679444444,2.89
5944,15.980861111,-26.114166667,2.89
6084,16.353138889,-25.592777778,2.89
7264,19.162722222,-21.023611111,2.89
2845,7.452500000,8.289444444,2.90
4915,12.933805556,38.318333333,2.90
8232,21.525972222,-5.571111111,2.91
915,3.079944444,53.506388889,2.93
2553,6.832277778,-50.614722222,2.93
8650,22.716694444,30.221388889,2.94
1231,3.967166667,-13.508611111,2.95
4757,12.497750000,-16.515555556,2.95
6510,17.530694444,-49.876111111,2.95
8414,22.096388889,-0.319722222,2.96
2473,6.732194444,25.131111111,2.98
3873,9.764194444,23.774166667,2.98
1605,5.032805556,43.823333333,2.99
6746,18.096805556,-30.424166667,2.99
7235,19.090166667,13.863333333,2.99
622,2.159055556,34.987222222,3.00
1910,5.627416667,21.142500000,3.00
4630,12.168750000,-22.619722222,3.00
5020,13.315361111,-23.171666667,3.00
1122,3.715416667,47.787500000,3.01
3890,9.785027778,-65.071944444,3.01
4335,11.161055556,44.498611111,3.01
8353,21.898805556,-37.365000000,3.01
2282,6.338555556,-30.063333333,3.02
2653,7.050416667,-23.833333333,3.02
5435,14.534638889,38.308333333,3.03
6615,17.793083333,-40.126944444,3.03
681,2.322416667,-2.977500000,3.04
5193,13.826944444,-42.473888889,3.04
4069,10.372138889,41.499444444,3.05
4844,12.771361111,-68.108055556,3.05
5735,15.345472222,71.833888889,3.05
7310,19.209250000,67.661666667,3.07
6247,16.864500000,-38.047500000,3.08
7417,19.512027778,27.959722222,3.08
7776,20.350194444,-14.781388889,3.08
3547,8.923222222,5.945555556,3.11
4232,10.827083333,-16.193611111,3.11
6832,18.293777778,-36.761666667,3.11
7869,20.626111111,-47.291388889,3.11
2040,5.849333333,-35.768333333,3.12
3705,9.350916667,34.392500000,3.13
3803,9.520361111,-57.034444444,3.13
4467,11.596333333,-63.019722222,3.13
5576,14.986027778,-42.104166667,3.13
6285,16.977000000,-55.990277778,3.13
3569,8.986777778,48.041666667,3.14
6410,17.250527778,24.839166667,3.14
6418,17.250777778,36.809166667,3.16
1641,5.108583333,41.234444444,3.17
2451,6.629361111,-43.196111111,3.17
3775,9.547611111,51.677222222,3.17
6396,17.146444444,65.714722222,3.17
7039,18.760944444,-26.990833333,3.17
1543,4.830666667,6.961388889,3.19
1654,5.091027778,-22.371111111,3.19
5463,14.708444444,-64.975277778,3.19
6299,16.961138889,9.375000000,3.20
8115,21.215611111,30.226944444,3.20
6630,17.830972222,-37.043333333,3.21
8974,23.655777778,77.632500000,3.21
5695,15.356194444,-40.647500000,3.22
7710,20.188416667,-0.821388889,3.23
8238,21.477666667,70.560833333,3.23
897,2.971027778,-40.304722222,3.24
1208,3.787305556,-74.238888889,3.24
6075,16.305361111,-4.692500000,3.24
7178,18.982388889,32.689444444,3.24
2878,7.487166667,-43.301388889,3.25
6869,18.355166667,-2.898888889,3.26
165,0.655472222,30.860833333,3.27
1465,4.566611111,-55.045000000,3.27
2550,6.803166667,-61.941388889,3.27
5287,14.106194444,-26.682500000,3.27
6453,17.366833333,-24.999444444,3.27
8709,22.910833333,-15.820833333,3.27
2216,6.247944444,22.506666667,3.28
5603,15.067833333,-25.281944444,3.29
5744,15.415500000,58.966111111,3.29
322,1.101388889,-46.718611111,3.31
1702,5.215527778,-16.205555556,3.31
4660,12.257111111,57.032500000,3.31
4037,10.228944444,-70.038055556,3.32
4140,10.533722222,-61.685277778,3.32
7234,19.115666667,-27.670555556,3.32
6380,17.202555556,-43.239166667,3.33
3045,7.821583333,-24.859722222,3.34
4359,11.237333333,15.429444444,3.34
6462,17.423222222,-56.377500000,3.34
6698,17.983777778,-9.773611111,3.34
1336,4.240416667,-62.473888889,3.35
8465,22.180916667,58.201111111,3.35
1788,5.407944444,-2.396944444,3.36
2484,6.754833333,12.895555556,3.36
3323,8.504416667,60.718055556,3.36
7377,19.424972222,3.114722222,3.36
5107,13.578222222,-0.595833333,3.37
5708,15.378027778,-44.689444444,3.37
542,1.906583333,63.670000000,3.38
3482,8.779611111,6.418888889,3.38
4910,12.926722222,3.397500000,3.38
921,3.086277778,38.840277778,3.39
1412,4.477694444,15.870833333,3.40
4050,10.284722222,-61.332222222,3.40
8634,22.691027778,10.831388889,3.40
429,1.472750000,-43.318333333,3.41
544,1.884694444,29.578888889,3.41
5190,13.825083333,-41.687777778,3.41
5649,15.204750000,-52.099166667,3.41
5948,16.002027778,-38.396944444,3.41
6623,17.774305556,27.720555556,3.42
7913,20.749305556,-66.203055556,3.42
7957,20.754833333,61.838888889,3.43
219,0.818333333,57.815833333,3.44
3659,9.182777778,-58.966944444,3.44
4031,10.278166667,23.417222222,3.44
7236,19.104138889,-4.882500000,3.44
334,1.143166667,-10.182222222,3.45
4033,10.284944444,42.914444444,3.45
7106,18.834666667,33.362777778,3.45
804,2.721666667,3.235833333,3.47
1239,4.011333333,12.490277778,3.47
2646,7.028638889,-27.934722222,3.47
3117,7.946305556,-52.982222222,3.47
5681,15.258388889,33.314722222,3.47
7635,19.979277778,19.492222222,3.47
4377,11.307972222,33.094166667,3.48
6406,17.244138889,14.390277778,3.48
8684,22.833388889,24.601666667,3.48
8675,22.809250000,-51.316944444,3.49
509,1.734472222,-15.937500000,3.50
5602,15.032444444,40.390555556,3.50
6897,18.449555556,-45.968333333,3.51
7150,18.962166667,-21.106666667,3.51
3249,8.275250000,9.185555556,3.52
3852,9.685833333,9.892222222,3.52
3975,10.122222222,16.762777778,3.52
8694,22.828000000,66.200555556,3.52
1409,4.476944444,19.180277778,3.53
2777,7.335388889,21.982222222,3.53
5881,15.827000000,-3.430277778,3.53
6220,16.714944444,38.922222222,3.53
8450,22.170000000,6.197777778,3.53
1136,3.720805556,-9.763333333,3.54
1879,5.585638889,9.934166667,3.54
3940,9.947722222,-54.567777778,3.54
4450,11.550027778,-31.857777778,3.54
6561,17.626444444,-15.398611111,3.54
1998,5.782583333,-14.821944444,3.55
5354,14.323388889,-46.057777778,3.55
74,0.323805556,-8.823888889,3.56
674,2.275166667,-51.512222222,3.56
1347,4.298250000,-33.798333333,3.56
4382,11.322361111,-14.778611111,3.56
5705,15.363444444,-36.261388889,3.56
7665,20.145444444,-66.181944444,3.56
464,1.633222222,48.628333333,3.57
2985,7.740777778,24.398055556,3.57
6252,16.872250000,-38.017500000,3.57
6927,18.350944444,72.732777778,3.57
7754,20.300916667,-12.544722222,3.57
2763,7.301555556,16.540277778,3.58
5429,14.530500000,30.371388889,3.58
5794,15.617083333,-28.135000000,3.58
4700,12.356000000,-60.401111111,3.59
402,1.400388889,-8.183333333,3.60
1030,3.413555556,9.028888889,3.60
1735,5.293444444,-6.844444444,3.60
1983,5.741055556,-22.448333333,3.60
2540,6.879805556,33.961111111,3.60
3594,9.060416667,47.156666667,3.60
3786,9.511666667,-40.466666667,3.60
3017,7.754250000,-37.968611111,3.61
3994,10.176472222,-12.354166667,3.61
4540,11.844916667,1.764722222,3.61
437,1.524722222,15.345833333,3.62
3447,8.671555556,-52.921944444,3.62
4923,13.037833333,-71.548888889,3.62
6271,16.909722222,-42.361388889,3.62
6500,17.518305556,-60.683888889,3.62
6582,17.762222222,-64.723888889,3.62
8762,23.032027778,42.326111111,3.62
838,2.833055556,27.260555556,3.63
1178,3.819361111,24.053333333,3.63
7882,20.625833333,14.595277778,3.63
4520,11.760111111,-66.728611111,3.64
1346,4.329888889,15.627500000,3.65
4825,12.694333333,-1.449444444,3.65
5291,14.073138889,64.375833333,3.65
7986,20.913500000,-58.454166667,3.65
153,0.616194444,53.896944444,3.66
5812,15.644277778,-29.777777778,3.66
6743,18.110527778,-50.091666667,3.66
8812,23.157444444,-21.172500000,3.66
3757,9.525472222,63.061944444,3.67
5867,15.769805556,15.421944444,3.67
3468,8.726527778,-33.186388889,3.68
4826,12.694333333,-1.449444444,3.68
5747,15.463805556,29.105833333,3.68
8278,21.668194444,-16.662222222,3.68
1003,3.325277778,-21.757777778,3.69
1552,4.853444444,5.605000000,3.69
3884,9.754111111,-62.507777778,3.69
8852,23.286083333,3.282222222,3.69
566,1.932638889,-51.608888889,3.70
1142,3.747916667,24.113333333,3.70
6703,17.962750000,29.247777778,3.70
2085,5.940083333,-14.167777778,3.71
4518,11.767500000,47.779444444,3.71
5892,15.846944444,4.477777778,3.71
7602,19.921888889,6.406666667,3.71
1567,4.904194444,2.440555556,3.72
2077,5.992111111,54.284722222,3.72
5511,14.770805556,1.892777778,3.72
8079,21.082194444,43.927777778,3.72
8130,21.246527778,38.045555556,3.72
539,1.857666667,-10.335000000,3.73
1084,3.548833333,-9.458333333,3.73
3080,7.870277778,-40.575833333,3.73
6771,18.122500000,9.563888889,3.73
1038,3.452833333,9.732777778,3.74
8204,21.444444444,-22.411388889,3.74
8698,22.876916667,-7.579722222,3.74
1612,5.041305556,41.075833333,3.75
3614,9.069250000,-47.097777778,3.75
6095,16.365333333,19.153055556,3.75
6629,17.798222222,2.707222222,3.75
6688,17.892138889,56.872777778,3.75
8571,22.486194444,58.415277778,3.75
834,2.844944444,55.895555556,3.76
1373,4.382250000,17.542500000,3.76
1922,5.560416667,-62.489722222,3.76
6229,16.829750000,-59.041388889,3.76
8254,21.691250000,-77.390000000,3.76
8430,22.116861111,25.345000000,3.76
1135,3.753222222,42.578611111,3.77
3347,8.428944444,-66.136944444,3.77
7217,19.078055556,-21.741666667,3.77
7328,19.285055556,53.368611111,3.77
7906,20.660638889,15.911944444,3.77
7950,20.794611111,-9.495833333,3.77
8585,22.521527778,50.282500000,3.77
2736,7.145805556,-70.498888889,3.78
4257,10.891555556,-58.853333333,3.78
2650,7.068472222,20.570277778,3.79
2821,7.428777778,27.798055556,3.79
7420,19.495083333,51.729722222,3.79
7735,20.227194444,46.741388889,3.79
941,3.158277778,44.857222222,3.80
3888,9.849833333,59.038611111,3.80
4058,10.332944444,19.840555556,3.80
5788,15.580027778,10.537500000,3.80
5789,15.580027778,10.539166667,3.80
6588,17.657750000,46.006388889,3.80
1931,5.645777778,-2.600000000,3.81
2035,5.855361111,-20.879166667,3.81
4094,10.434833333,-16.836388889,3.81
1464,4.592500000,-30.562222222,3.82
3690,9.314083333,36.802500000,3.82
4114,10.464638889,-58.739444444,3.82
6149,16.515222222,1.983888889,3.82
7536,19.789805556,18.534166667,3.82
8961,23.626083333,46.458055556,3.82
1131,3.738638889,32.288333333,3.83
4247,10.888527778,34.215000000,3.83
5248,13.971194444,-42.100833333,3.83
5470,14.797666667,-79.044722222,3.83
6779,18.125722222,28.762500000,3.83
7582,19.802888889,70.267777778,3.83
1411,4.476250000,15.962222222,3.84
3445,8.677111111,-46.648888889,3.84
3571,8.917444444,-60.644722222,3.84
4167,10.621694444,-48.225833333,3.84
4434,11.523388889,69.331111111,3.84
5849,15.712388889,26.295555556,3.84
6895,18.394972222,21.769722222,3.84
8518,22.360944444,-1.387222222,3.84
1175,3.736666667,-64.806944444,3.85
2020,5.788083333,-51.066388889,3.85
2296,6.368555556,-33.436388889,3.85
2749,7.246861111,-26.772777778,3.85
4023,10.245611111,-42.121944444,3.85
4133,10.546861111,9.306666667,3.85
5933,15.940888889,15.661666667,3.85
6030,16.257305556,-63.685555556,3.85
6973,18.586777778,-8.244166667,3.85
1326,4.233361111,-42.294444444,3.86
4802,12.628388889,-48.541111111,3.86
6695,17.937555556,37.250555556,3.86
6812,18.229388889,-21.058888889,3.86
269,0.945888889,38.499444444,3.87
963,3.201194444,-28.986944444,3.87
1149,3.763777778,24.367777778,3.87
1481,4.636333333,-14.303888889,3.87
1862,5.520194444,-35.470555556,3.87
2580,6.902194444,-24.183888889,3.87
4773,12.541111111,-72.133055556,3.87
4787,12.558055556,69.788333333,3.87
5249,13.978000000,-44.803611111,3.87
5646,15.198916667,-48.737777778,3.87
25,0.156861111,-45.747500000,3.88
3665,9.239416667,2.314166667,3.88
3905,9.879388889,26.006944444,3.88
5089,13.517416667,-39.407500000,3.88
5487,14.717666667,-5.658333333,3.88
5928,15.948083333,-29.214166667,3.88
874,2.940472222,-8.898055556,3.89
4390,11.350111111,-54.491111111,3.89
4689,12.331777778,-0.666944444,3.89
6092,16.329000000,46.313333333,3.89
6102,16.557500000,-78.897222222,3.89
7615,19.938444444,35.083333333,3.89
3314,8.427666667,-3.906388889,3.90
7570,19.874555556,1.005555556,3.90
8820,23.172666667,-45.246666667,3.90
1251,4.052611111,5.989166667,3.91
3487,8.767138889,-46.041666667,3.91
3845,9.664277778,-1.142777778,3.91
4337,11.143166667,-58.975000000,3.91
4743,12.467333333,-50.230555556,3.91
5787,15.592111111,-14.789444444,3.91
338,1.139750000,-55.245833333,3.92
6324,17.004833333,30.926388889,3.92
8131,21.263722222,5.247777778,3.92
1463,4.605305556,-3.352500000,3.93
2970,7.687444444,-9.551111111,3.93
7340,19.361222222,-17.847222222,3.93
100,0.436722222,-43.680000000,3.94
3461,8.744750000,18.154166667,3.94
4399,11.398750000,10.529166667,3.94
8028,20.952888889,41.167222222,3.94
440,1.520861111,-49.072777778,3.95
854,2.904305556,52.762500000,3.95
2429,6.611388889,-19.255833333,3.95
3024,7.697000000,-72.606111111,3.95
5055,13.399000000,54.921666667,3.95
5883,15.849305556,-33.627222222,3.95
8667,22.775527778,23.565555556,3.95
1393,4.400611111,-34.016944444,3.96
2120,5.985777778,-42.815277778,3.96
2538,6.830694444,-32.508611111,3.96
2996,7.730138889,-28.954722222,3.96
4638,12.194194444,-52.368611111,3.96
5993,16.113444444,-20.669166667,3.96
7590,20.009861111,-72.910555556,3.96
2012,5.858166667,39.148611111,3.97
3438,8.668388889,-35.308333333,3.97
3579,9.010666667,41.782777778,3.97
3663,9.187944444,-62.317222222,3.97
6714,18.010750000,2.931666667,3.97
7348,19.398111111,-40.616111111,3.97
8556,22.487833333,-43.495555556,3.97
8892,23.382833333,-20.100555556,3.97
580,2.057250000,72.421388889,3.98
2227,6.247583333,-6.274722222,3.98
2803,7.280500000,-67.957222222,3.98
7751,20.257861111,47.714444444,3.98
8848,23.290500000,-58.235833333,3.99
585,2.000083333,-21.077777778,4.00
868,2.898027778,-49.890277778,4.00
3615,9.040777778,-66.396111111,4.00
4102,10.406583333,-74.031666667,4.00
5471,14.699333333,-37.793611111,4.00
664,2.288583333,33.847222222,4.01
3518,8.842194444,-27.710000000,4.01
5062,13.420416667,54.988055556,4.01
5986,16.031472222,58.565277778,4.01
6027,16.199916667,-19.460555556,4.01
6982,18.717250000,-71.428055556,4.01
7337,19.377305556,-44.458888889,4.01
7834,20.489916667,30.368611111,4.01
8679,22.826527778,-13.592500000,4.01
9072,23.988527778,6.863333333,4.01
1520,4.758361111,-3.254722222,4.02
3475,8.778277778,28.760000000,4.02
4623,12.140222222,-24.728888889,4.02
6072,16.330666667,-50.155555556,4.02
7176,18.993722222,15.068333333,4.02
7193,19.028000000,-5.738888889,4.02
8252,21.566361111,45.591944444,4.02
8597,22.589277778,-0.117500000,4.02
1603,5.056972222,60.442222222,4.03
4517,11.764333333,6.529444444,4.03
4898,12.909888889,-57.177777778,4.03
6752,18.090916667,2.499444444,4.03
7852,20.553555556,11.303333333,4.03
1228,3.982750000,35.791111111,4.04
1273,4.144361111,47.712500000,4.04
1298,4.197750000,-6.837500000,4.04
4679,12.307250000,-64.003055556,4.04
7157,18.922250000,43.946111111,4.04
937,3.151111111,49.613333333,4.05
4386,11.352277778,6.029444444,4.05
5367,14.342611111,-37.885277778,4.05
5404,14.419944444,51.850833333,4.05
5453,14.631444444,-49.425833333,4.05
5485,14.727611111,-35.173611111,4.05
5626,15.147388889,-45.279722222,4.05
215,0.788972222,24.267222222,4.06
2905,7.598694444,26.895833333,4.06
6295,16.993083333,-53.160555556,4.06
496,1.727666667,50.688611111,4.07
779,2.658055556,0.328611111,4.07
1580,4.939527778,13.514444444,4.07
2574,6.903166667,-12.038611111,4.07
3318,8.308777778,-76.919722222,4.07
3477,8.740000000,-42.649166667,4.07
5200,13.824611111,15.797777778,4.07
5670,15.291888889,-58.801111111,4.07
8075,21.099111111,-17.232777778,4.07
3825,9.574083333,-59.229444444,4.08
4287,10.996250000,-18.298888889,4.08
4405,11.414694444,-17.683888889,4.08
5338,14.266916667,-6.000555556,4.08
8173,21.368111111,19.804444444,4.08
8316,21.725111111,58.780000000,4.08
458,1.613277778,41.405555556,4.09
705,2.362472222,-68.659444444,4.09
919,3.039861111,-23.624444444,4.09
1907,5.615083333,9.290555556,4.09
5879,15.812333333,18.141666667,4.09
794,2.677777778,-39.855555556,4.11
806,2.659833333,-68.266944444,4.11
1066,3.514555556,12.936666667,4.11
3055,7.820638889,-46.373333333,4.11
4174,10.591138889,-78.607777778,4.11
4522,11.775222222,-61.178333333,4.11
4671,12.292805556,-67.960833333,4.11
5771,15.612000000,-66.316944444,4.11
7254,19.157861111,-37.904444444,4.11
7259,19.167138889,-39.340833333,4.11
7980,20.863694444,-26.919166667,4.11
8560,22.495972222,-43.749444444,4.11
799,2.736666667,49.228333333,4.12
2124,6.039722222,9.647500000,4.12
2657,7.062638889,-15.633333333,4.12
3903,9.857972222,-14.846666667,4.12
4608,12.086805556,8.733055556,4.12
8747,23.014666667,-52.754166667,4.12
6905,18.480527778,-49.070833333,4.13
7581,19.921027778,-41.868333333,4.13
8315,21.744083333,25.645000000,4.13
8498,22.266166667,37.748888889,4.13
8969,23.665833333,5.626388889,4.13
1303,4.248305556,48.409444444,4.14
1784,5.399111111,-7.808055556,4.14
3426,8.627416667,-42.989166667,4.14
5778,15.548833333,31.359166667,4.14
7936,20.768250000,-25.270833333,4.14
8976,23.673472222,44.333888889,4.14
2343,6.482722222,20.212222222,4.15
2714,7.197750000,-0.492777778,4.15
4616,12.114694444,-64.613611111,4.15
5908,15.897083333,-16.729444444,4.15
5947,15.959805556,26.877777778,4.15
8630,22.767583333,-81.381666667,4.15
130,0.550000000,62.931666667,4.16
2134,6.068666667,23.263333333,4.16
3410,8.627611111,5.703611111,4.16
6166,16.606250000,-35.255555556,4.16
8499,22.280555556,-7.783333333,4.16
1195,3.824250000,-36.200277778,4.17
6486,17.439500000,-24.175277778,4.17
8628,22.677611111,-27.043611111,4.17
1156,3.772111111,23.948333333,4.18
2852,7.485194444,31.784444444,4.18
5351,14.273055556,46.088333333,4.18
5192,13.824083333,-34.450833333,4.19
5315,14.214944444,-10.273611111,4.19
7061,18.761027778,20.546388889,4.19
8494,22.250555556,57.043611111,4.19
8665,22.778222222,12.172777778,4.19
1839,5.513083333,5.948055556,4.20
3102,7.947638889,-22.880000000,4.20
6168,16.568388889,42.436944444,4.20
1035,3.484472222,59.940277778,4.21
1949,5.679333333,-1.942777778,4.21
4100,10.464722222,36.707222222,4.21
8720,22.932472222,-32.539722222,4.21
8841,23.264861111,-9.087777778,4.21
1387,4.422805556,22.293888889,4.22
6920,18.345972222,71.337777778,4.22
7063,18.786250000,-4.747777778,4.22
7074,18.870277778,-62.187500000,4.22
7850,20.493027778,62.994166667,4.22
7942,20.761027778,30.719722222,4.22
8181,21.440722222,-65.366111111,4.22
8834,23.238722222,-6.048888889,4.22
77,0.334527778,-64.874722222,4.23
840,2.843083333,38.318611111,4.23
1087,3.608166667,48.192777778,4.23
1173,3.780805556,-23.249722222,4.23
5168,13.761444444,-33.043888889,4.23
5987,16.109861111,-36.802222222,4.23
6143,16.523027778,-34.704444444,4.23
6322,16.766138889,82.037222222,4.23
7564,19.842750000,32.914166667,4.23
8143,21.290277778,39.394722222,4.23
8335,21.779888889,49.309444444,4.23
3090,7.888388889,-48.103055556,4.24
6163,16.717944444,-77.517500000,4.24
7747,20.294138889,-12.508333333,4.24
285,1.145750000,86.256944444,4.25
335,1.158388889,47.241944444,4.25
721,2.449750000,-47.703888889,4.25
811,2.735388889,-13.858611111,4.25
1338,4.267111111,-51.486666667,4.25
1454,4.611500000,41.264722222,4.25
1458,4.594250000,10.160833333,4.25
3275,8.380583333,43.188055556,4.25
3572,8.974777778,11.857777778,4.25
4104,10.452527778,-31.067777778,4.25
5430,14.458750000,75.696111111,4.25
510,1.756555556,9.157777778,4.26
2091,5.998916667,45.936944444,4.26
4674,12.305750000,-79.312222222,4.26
4785,12.562361111,41.357500000,4.26
4983,13.197888889,27.878055556,4.26
5264,14.027444444,1.544444444,4.26
6023,16.146166667,44.935000000,4.26
6581,17.690250000,-12.875277778,4.26
813,2.749027778,10.114166667,4.27
1008,3.332138889,-43.069722222,4.27
1088,3.563138889,-21.632777778,4.27
1473,4.635972222,12.510833333,4.27
1679,5.152444444,-8.754166667,4.27
3206,8.158138889,-47.345833333,4.27
4889,12.890611111,-40.178888889,4.27
4942,13.115166667,-49.906111111,4.27
5683,15.308888889,-47.875000000,4.27
7948,20.777638889,16.124166667,4.27
8418,22.107277778,-13.869722222,4.27
294,1.049055556,7.890000000,4.28
718,2.469305556,8.460000000,4.28
1101,3.614555556,0.401666667,4.28
1392,4.438472222,22.813611111,4.28
1497,4.704083333,22.956944444,4.28
2973,7.721861111,28.883611111,4.28
4180,10.655111111,-55.603333333,4.28
4552,11.881833333,-33.908055556,4.28
6147,16.518972222,-16.612777778,4.28
8167,21.370777778,-16.834444444,4.28
8787,23.114666667,-43.520555556,4.28
8916,23.466138889,6.378888889,4.28
1261,4.109722222,50.351388889,4.29
1320,4.258916667,8.892222222,4.29
1389,4.424833333,17.928055556,4.29
1542,4.900833333,66.342777778,4.29
1756,5.326250000,-13.176666667,4.29
3751,9.618111111,81.326388889,4.29
6492,17.455916667,-29.866944444,4.29
6546,17.609111111,-38.635277778,4.29
7343,19.387000000,-44.799722222,4.29
8334,21.757472222,61.120833333,4.29
8417,22.063166667,64.627777778,4.29
8454,22.166444444,33.178333333,4.29
8576,22.525083333,-32.346111111,4.29
8965,23.635611111,43.268055556,4.29
1145,3.753472222,24.467222222,4.30
3454,8.720416667,3.398611111,4.30
4471,11.615805556,-0.823888889,4.30
7139,18.908388889,36.898888889,4.30
7740,20.223305556,56.567777778,4.30
280,0.976777778,-29.357500000,4.31
3773,9.528666667,22.968055556,4.31
4775,12.534500000,-16.196111111,4.31
5733,15.408166667,37.377222222,4.31
1496,4.674027778,-19.671666667,4.32
2854,7.469388889,8.925555556,4.32
3484,8.772916667,-13.547777778,4.32
4537,11.828083333,-63.788333333,4.32
5339,14.448583333,-83.667777778,4.32
5528,14.860666667,-43.575555556,4.32
5903,15.734305556,77.794444444,4.32
5997,16.123416667,-20.868611111,4.32
7884,20.638972222,-1.105277778,4.32
343,1.185055556,55.149722222,4.33
596,2.034111111,2.763611111,4.33
2387,6.530916667,-23.418333333,4.33
3457,8.676944444,-59.761111111,4.33
4599,12.050416667,-63.312777778,4.33
4888,12.885250000,-48.943333333,4.33
5358,14.338750000,-56.386666667,4.33
5797,15.634222222,-42.567500000,4.33
6446,17.347138889,-12.846944444,4.33
6872,18.331027778,36.064444444,4.33
3188,8.143222222,-2.983888889,4.34
3696,9.270055556,-57.541388889,4.34
5260,14.028722222,-45.603611111,4.34
5686,15.297194444,-30.148888889,4.34
6498,17.441916667,4.140277778,4.34
8305,21.749111111,-33.025833333,4.34
8313,21.741861111,17.350000000,4.34
898,2.971194444,-40.304444444,4.35
951,3.193833333,19.726666667,4.35
2015,5.746222222,-65.735555556,4.35
2219,6.256305556,29.498055556,4.35
2560,6.954583333,58.422500000,4.35
3223,8.132166667,-68.617222222,4.35
3340,8.344027778,-77.484444444,4.35
3836,9.613777778,-49.355277778,4.35
5396,14.436333333,-45.379444444,4.35
6745,18.143000000,-63.668333333,4.35
154,0.614694444,33.719444444,4.36
191,0.722555556,-57.463055556,4.36
1052,3.509583333,47.995277778,4.36
1256,4.078250000,22.081944444,4.36
1544,4.843527778,8.900277778,4.36
1705,5.220527778,-12.941388889,4.36
2106,5.958944444,-35.283333333,4.36
3492,8.807222222,5.837777778,4.36
4737,12.448972222,28.268333333,4.36
5285,14.100777778,-41.179722222,4.36
6787,18.145972222,20.814444444,4.36
6789,17.536916667,86.586388889,4.36
6855,18.387111111,-61.493888889,4.36
7056,18.746222222,37.605000000,4.36
7069,18.783694444,18.181388889,4.36
7314,19.272805556,38.133611111,4.36
7447,19.612027778,-1.286388889,4.36
8572,22.492166667,47.706944444,4.36
126,0.525750000,-62.958055556,4.37
163,0.642583333,29.311666667,4.37
649,2.216666667,8.846666667,4.37
2256,6.275861111,-35.140555556,4.37
2596,6.935611111,-17.054166667,4.37
3980,10.131750000,9.997500000,4.37
7479,19.668277778,18.013888889,4.37
7488,19.684138889,17.476111111,4.37
7623,19.995611111,-35.276388889,4.37
8937,23.549527778,-37.818333333,4.37
1845,5.536888889,18.594444444,4.38
4963,13.165833333,-5.538888889,4.38
6281,16.900138889,10.165277778,4.38
1560,4.881583333,-5.452777778,4.39
2435,6.582944444,-52.975555556,4.39
3145,8.037750000,2.334444444,4.39
4293,11.002583333,-42.225833333,4.39
6445,17.350055556,-21.112777778,4.39
7298,19.229305556,39.146111111,4.39
7750,20.148138889,77.711388889,4.39
8140,21.331111111,-53.449722222,4.39
8858,23.298388889,-9.182500000,4.39
8906,23.434111111,-20.641944444,4.39
2554,6.830916667,-53.622222222,4.40
2782,7.311777778,-24.954166667,4.40
3192,8.150444444,-19.245000000,4.40
5601,15.048333333,2.091388889,4.40
8368,21.965305556,-54.992500000,4.40
8905,23.423000000,23.404166667,4.40
555,1.894111111,-46.302500000,4.41
1876,5.580333333,9.489444444,4.41
2047,5.906361111,20.276111111,4.41
2697,7.185666667,30.245277778,4.41
3129,7.970666667,-49.245000000,4.41
4375,11.303055556,31.529166667,4.41
5526,14.838138889,-27.960277778,4.41
6526,17.512305556,26.110555556,4.41
6707,17.975055556,30.189444444,4.41
8819,23.131638889,75.387500000,4.41
8863,23.313722222,-32.531944444,4.41
9089,0.032666667,-6.014166667,4.41
271,0.953444444,23.417500000,4.42
1162,3.769027778,-12.101666667,4.42
2159,6.126194444,14.768333333,4.42
4300,11.038833333,20.179722222,4.42
5378,14.383944444,-39.512222222,4.42
5425,14.543583333,-50.456944444,4.42
6118,16.450388889,-18.456388889,4.42
7951,20.795611111,-5.027777778,4.42
8559,22.480583333,-0.020000000,4.42
224,0.811388889,7.585000000,4.43
1325,4.254527778,-7.652777778,4.43
2443,6.631500000,-18.237500000,4.43
5478,14.685805556,13.728333333,4.43
5868,15.774055556,7.353055556,4.43
7806,20.397694444,32.190000000,4.43
7928,20.724305556,15.074444444,4.43
8146,21.298638889,34.896944444,4.43
8538,22.392666667,52.229166667,4.43
48,0.244000000,-18.932777778,4.44
489,1.690527778,5.487500000,4.44
1355,4.274694444,-59.301944444,4.44
2298,6.396138889,4.592777778,4.44
3243,8.234138889,-40.348055556,4.44
3418,8.645944444,3.341388889,4.44
7107,18.949166667,-67.233611111,4.44
7405,19.478416667,24.665000000,4.44
1502,4.676027778,-41.863888889,4.45
1696,5.204972222,-11.869166667,4.45
2906,7.567555556,-22.296111111,4.45
3225,8.189305556,-39.618611111,4.45
3270,8.309250000,-36.659444444,4.45
3591,9.001500000,-41.253888889,4.45
4159,10.593138889,-57.557777778,4.45
4234,10.763000000,-80.540277778,4.45
6153,16.535611111,-21.466388889,4.45
6723,18.029222222,1.305277778,4.45
7352,19.259166667,73.355555556,4.45
7429,19.568166667,7.378888889,4.45
841,2.818166667,-32.405833333,4.46
1698,5.221527778,2.861111111,4.46
3731,9.410916667,26.182222222,4.46
4546,11.852416667,-45.173611111,4.46
5447,14.578000000,29.745000000,4.46
8411,22.101916667,-39.543333333,4.46
8632,22.675250000,44.276388889,4.46
8695,22.875444444,-32.875555556,4.46
818,2.751722222,-18.572500000,4.47
999,3.339000000,29.048333333,4.47
1155,3.825333333,65.526111111,4.47
1568,4.954777778,53.752222222,4.47
1601,4.975805556,1.714166667,4.47
2506,6.797666667,2.412222222,4.47
4368,11.277694444,-3.651666667,4.47
4618,12.134777778,-50.661388889,4.47
6115,16.453083333,-47.555000000,4.47
8789,23.111361111,-23.743055556,4.47
2199,6.199000000,14.208888889,4.48
2238,6.327055556,59.010833333,4.48
2361,6.469472222,-32.580000000,4.48
3619,9.147861111,51.604722222,4.48
3643,9.085777778,-72.602777778,4.48
3974,10.123833333,35.244722222,4.48
4343,11.194305556,-22.825833333,4.48
7469,19.607361111,50.221111111,4.48
8540,22.455555556,-64.966388889,4.48
1394,4.439111111,15.618333333,4.49
2478,6.733138889,13.227777778,4.49
2740,7.209333333,-46.759444444,4.49
3084,7.877416667,-38.863055556,4.49
3498,8.778472222,-56.769722222,4.49
3981,10.132305556,-0.371666667,4.49
5570,14.953055556,-4.346388889,4.49
8123,21.241361111,10.006944444,4.49
8485,22.231305556,39.715000000,4.49
8988,23.712027778,-14.545000000,4.49
2385,6.548388889,7.333055556,4.50
2948,7.647027778,-26.801666667,4.50
3034,7.801444444,-25.937222222,4.50
3799,9.580416667,52.051388889,4.50
4074,10.348555556,-56.043055556,4.50
4259,10.926888889,24.749722222,4.50
5185,13.787694444,17.456666667,4.50
6104,16.401722222,-20.037500000,4.50
8080,21.118805556,-25.005833333,4.50
8431,22.139722222,-32.988611111,4.50
8984,23.700777778,1.780000000,4.50
9076,23.998611111,-65.577222222,4.50
352,1.194333333,30.089722222,4.51
824,2.798472222,29.247222222,4.51
1264,4.014944444,-62.159444444,4.51
1453,4.558500000,-29.766666667,4.51
2042,5.830472222,-56.166666667,4.51
3765,9.487416667,-35.951388889,4.51
5704,15.389638889,-59.320833333,4.51
7685,20.046972222,67.873611111,4.51
7920,20.733972222,-51.921111111,4.51
7955,20.755861111,57.579722222,4.51
8093,21.159916667,-11.371666667,4.51
8213,21.478722222,-21.807222222,4.51
8579,22.508138889,43.123333333,4.51
68,0.305472222,36.785277778,4.52
707,2.484444444,67.402500000,4.52
1995,5.819583333,39.181111111,4.52
3856,9.655833333,-61.328055556,4.52
5359,14.318500000,-13.371111111,4.52
5842,15.692527778,19.670277778,4.52
6485,17.394722222,37.145833333,4.52
7604,19.949111111,-27.170000000,4.52
7744,20.262805556,27.814166667,4.52
8795,23.116750000,9.409444444,4.52
8830,23.209166667,49.406388889,4.52
226,0.830222222,41.078888889,4.53
843,2.858555556,35.059722222,4.53
2113,6.000944444,-3.074166667,4.53
2937,7.622805556,-34.968611111,4.53
4527,11.799750000,20.218888889,4.53
5035,13.377194444,-60.988333333,4.53
5041,13.400138889,-64.535833333,4.53
6783,18.187166667,-45.954444444,4.53
7963,20.790138889,36.490833333,4.53
8773,23.064611111,3.820000000,4.53
127,0.526000000,-62.965833333,4.54
193,0.745416667,48.284444444,4.54
575,2.032611111,70.906944444,4.54
1040,3.498583333,58.878611111,4.54
1726,5.302972222,33.371666667,4.54
2414,6.584277778,-22.964722222,4.54
2864,7.496611111,12.006666667,4.54
5329,14.224722222,51.790277778,4.54
5616,15.074083333,26.947500000,4.54
5652,15.203694444,-19.791666667,4.54
5712,15.385944444,-36.858611111,4.54
5781,15.598111111,-44.958611111,4.54
6493,17.443861111,-5.086666667,4.54
6616,17.792666667,-27.830833333,4.54
9045,23.906388889,57.499444444,4.54
1652,5.073444444,-35.483333333,4.55
2527,7.001111111,76.977500000,4.55
3800,9.570388889,36.397500000,4.55
5544,14.856472222,19.101111111,4.55
6081,16.343944444,-24.169444444,4.55
8089,21.110027778,47.648333333,4.55
8923,23.485916667,12.760555556,4.55
9098,0.062333333,-17.336111111,4.55
1247,3.979083333,-61.400277778,4.56
3612,9.108833333,38.452222222,4.56
3771,9.574694444,69.830277778,4.56
5210,13.863777778,-32.994444444,4.56
5395,14.435611111,-45.221388889,4.56
8317,21.698694444,71.311388889,4.56
1934,5.653083333,4.121388889,4.57
3787,9.533027778,-1.185000000,4.57
4063,10.326888889,-55.029444444,4.57
4200,10.725583333,-60.566666667,4.57
6117,16.423611111,14.033333333,4.57
6766,18.134722222,-28.457222222,4.57
8225,21.499138889,23.638888889,4.57
8523,22.350444444,46.536666667,4.57
8541,22.408611111,49.476388889,4.57
9016,23.815444444,-28.130277778,4.57
1106,3.618250000,-40.274722222,4.58
2034,5.888777778,27.612222222,4.58
3628,9.134138889,-25.858333333,4.58
3912,9.861333333,-46.547777778,4.58
6636,17.698972222,72.148888889,4.58
7592,19.891027778,24.079722222,4.58
7650,20.044305556,-27.709722222,4.58
180,0.688777778,-46.085000000,4.59
1143,3.713916667,-37.313611111,4.59
1811,5.447277778,3.095555556,4.59
1892,5.589777778,-4.838333333,4.59
2993,7.725666667,-28.411111111,4.59
3894,9.868444444,54.064444444,4.59
5904,15.893527778,-25.327222222,4.59
6028,16.205055556,-27.926388889,4.59
6537,17.594333333,-46.505555556,4.59
7133,18.912472222,22.645000000,4.59
7242,19.139138889,-40.496666667,4.59
7371,19.344472222,65.714722222,4.59
7995,20.868805556,27.096944444,4.59
8558,22.480472222,-0.020277778,4.59
2356,6.480277778,-7.032777778,4.60
3403,8.670222222,64.327777778,4.60
3759,9.485805556,-2.768888889,4.60
3970,10.085416667,-13.064722222,4.60
4273,10.945305556,-37.137777778,4.60
4352,11.210000000,-60.317500000,4.60
4975,13.204833333,-59.920833333,4.60
5502,14.754027778,16.964444444,4.60
5589,14.959722222,65.932500000,4.60
5724,15.422277778,-38.733611111,4.60
7440,19.611777778,-24.883611111,4.60
8880,23.343944444,23.740277778,4.60
3,0.088916667,-5.707500000,4.61
63,0.284861111,38.681666667,4.61
1324,4.304055556,50.295555556,4.61
3131,7.997777778,-18.399166667,4.61
4325,11.109000000,-62.424166667,4.61
7342,19.362111111,-15.955000000,4.61
7866,20.565055556,35.250833333,4.61
549,1.892583333,3.187500000,4.62
1855,5.532166667,-7.301388889,4.62
2949,7.647166667,-26.803611111,4.62
3459,8.727888889,-7.233611111,4.62
3684,9.262527778,-37.413333333,4.62
4460,11.579361111,-54.264166667,4.62
4897,12.910888889,-59.146666667,4.62
5777,15.569638889,-10.064444444,4.62
5914,15.877916667,42.451666667,4.62
6567,17.630750000,-8.118888889,4.62
6710,18.008055556,-3.690277778,4.62
7141,18.937000000,4.203611111,4.62
265,0.944388889,59.181111111,4.63
887,2.986861111,21.340277778,4.63
888,2.986861111,21.340277778,4.63
947,3.188166667,39.611666667,4.63
1148,3.839305556,71.332222222,4.63
2135,6.065333333,20.138333333,4.63
3089,7.884361111,-49.613055556,4.63
4310,11.083611111,7.336111111,4.63
4362,11.253388889,23.095555556,4.63
5889,15.826583333,26.068333333,4.63
5961,16.058861111,-57.775277778,4.63
6129,16.463361111,-8.371666667,4.63
8613,22.622888889,51.545277778,4.63
1620,5.051583333,21.590000000,4.64
2766,7.276388889,-27.881111111,4.64
2818,7.445222222,49.211388889,4.64
2922,7.589666667,-28.369444444,4.64
4817,12.664583333,-39.987500000,4.64
5825,15.686472222,-44.661111111,4.64
5885,15.849638889,-25.751388889,4.64
6712,18.004388889,4.368611111,4.64
6770,18.121777778,8.733888889,4.64
6916,18.522888889,-62.278333333,4.64
6951,18.558388889,-42.312500000,4.64
7653,20.018361111,27.753611111,4.64
360,1.229138889,24.583611111,4.65
1213,3.895166667,-24.612500000,4.65
1444,4.564138889,14.844444444,4.65
1570,4.914944444,10.150833333,4.65
2102,5.901694444,-63.090000000,4.65
2564,6.910750000,13.177777778,4.65
2881,7.511805556,-30.962222222,4.65
4848,12.772972222,-56.488888889,4.65
5172,13.777583333,-51.432777778,4.65
5226,13.857194444,64.723333333,4.65
5962,16.053583333,-49.229722222,4.65
6243,16.830555556,-10.783055556,4.65
6436,17.294527778,37.291666667,4.65
6842,18.300888889,-27.042500000,4.65
8780,23.069722222,50.052222222,4.65
351,1.190888889,21.034722222,4.66
801,2.724194444,27.707222222,4.66
1240,3.998750000,-24.016388889,4.66
2456,6.682972222,9.895555556,4.66
2745,7.237555556,-26.352500000,4.66
2787,7.305111111,-36.734166667,4.66
3449,8.721416667,21.468611111,4.66
4110,10.456777778,-57.638888889,4.66
4177,10.645861111,-59.183055556,4.66
4589,12.014555556,6.614166667,4.66
4813,12.654111111,-7.995555556,4.66
4831,12.709833333,-48.813055556,4.66
5154,13.678972222,54.681666667,4.66
7125,18.853361111,59.388333333,4.66
7387,19.441972222,0.338611111,4.66
8539,22.421277778,1.377500000,4.66
9064,23.962638889,25.141388889,4.66
531,1.826416667,-10.686388889,4.67
1044,3.489472222,49.508888889,4.67
2155,6.102583333,-14.935277778,4.67
3624,9.181972222,63.513611111,4.67
5820,15.662777778,-34.411944444,4.67
6713,18.000944444,16.750833333,4.67
8039,21.021527778,-32.257777778,4.67
8301,21.701583333,51.189722222,4.67
1638,5.076138889,15.404166667,4.68
2590,6.927055556,-20.136388889,4.68
3141,8.020361111,-1.392500000,4.68
3834,9.640916667,4.649166667,4.68
6020,16.339111111,-78.695833333,4.68
6884,18.394305556,-8.934166667,4.68
7462,19.539333333,69.661111111,4.68
7871,20.588472222,14.674166667,4.68
8260,21.618000000,-19.466111111,4.68
570,1.915583333,-67.647222222,4.69
612,2.074833333,-29.296944444,4.69
1396,4.443444444,14.713611111,4.69
1479,4.654583333,15.918055556,4.69
3574,8.938722222,-52.723611111,4.69
3733,9.386750000,-28.833888889,4.69
3749,9.455111111,-22.343888889,4.69
4842,12.760527778,-60.981111111,4.69
5095,13.532750000,-6.255833333,4.69
6742,18.083694444,-29.580000000,4.69
7478,19.656277778,30.153333333,4.69
8097,21.172361111,10.131666667,4.69
8264,21.629194444,-7.854166667,4.69
8387,22.056000000,-56.786111111,4.69
8402,22.055250000,-2.155277778,4.69
8649,22.726472222,-18.830277778,4.69
8817,23.165222222,-22.457500000,4.69
879,2.979361111,39.662777778,4.70
896,2.995250000,8.907500000,4.70
2944,7.638333333,-25.364722222,4.70
3950,10.003555556,8.044166667,4.70
4468,11.611361111,-9.802222222,4.70
4494,11.670222222,-34.744722222,4.70
5112,13.574250000,49.016111111,4.70
6930,18.486638889,-14.565833333,4.70
7597,19.930666667,-26.299444444,4.70
442,1.565527778,59.231944444,4.71
699,2.427055556,50.278611111,4.71
1306,4.248138889,40.483611111,4.71
1729,5.319027778,40.099166667,4.71
1762,5.340805556,-21.239444444,4.71
1834,5.495555556,-1.092222222,4.71
3046,7.805638889,-47.077777778,4.71
3642,9.093972222,-70.538888889,4.71
4166,10.645333333,31.976111111,4.71
4248,10.899638889,43.190000000,4.71
4940,13.104638889,-48.463611111,4.71
5241,13.960805556,-63.686666667,4.71
7595,19.904138889,8.461388889,4.71
8135,21.298972222,-32.172500000,4.71
8748,22.906888889,84.346111111,4.71
8939,23.554611111,-20.914444444,4.71
8949,23.584611111,-42.615000000,4.71
1083,3.489638889,-62.937500000,4.72
1674,5.091833333,-57.472777778,4.72
3211,8.187861111,-12.926944444,4.72
3718,9.358222222,-25.965555556,4.72
4530,11.803972222,-66.814722222,4.72
4603,12.072000000,-63.165555556,4.72
5605,15.085333333,-47.051111111,4.72
5980,16.108166667,-45.173333333,4.72
7020,18.704555556,-9.052500000,4.72
123,0.529555556,54.522222222,4.73
1070,3.510305556,-5.075277778,4.73
1190,3.809972222,-37.620555556,4.73
1765,5.362694444,-0.382500000,4.73
4514,11.746055556,-18.350833333,4.73
5017,13.292361111,40.572500000,4.73
5221,13.886805556,-31.927777778,4.73
6262,16.899916667,-42.362222222,4.73
6415,17.276861111,-0.445277778,4.73
7990,20.877555556,-8.983333333,4.73
8279,21.632000000,62.081944444,4.73
8288,21.710972222,-18.866388889,4.73
8309,21.735722222,28.742777778,4.73
399,1.432222222,68.130000000,4.74
1556,4.875555556,14.250555556,4.74
2011,5.850666667,37.305555556,4.74
4090,10.431916667,33.796111111,4.74
4138,10.505583333,-71.993055556,4.74
4299,11.030472222,-2.484722222,4.74
4697,12.345277778,17.792777778,4.74
5019,13.306750000,-18.311388889,4.74
5219,13.863194444,34.444166667,4.74
5838,15.699111111,-19.678888889,4.74
7426,19.529527778,34.453055556,4.74
8047,20.997111111,47.521111111,4.74
8702,22.791388889,83.153888889,4.74
8959,23.630833333,-45.492500000,4.74
546,1.892166667,19.293611111,4.75
740,2.534777778,-15.244722222,4.75
789,2.663333333,-42.891666667,4.75
850,2.850638889,-21.004166667,4.75
872,2.841250000,-75.066944444,4.75
3226,8.190527778,-42.987222222,4.75
4132,10.553861111,40.425555556,4.75
5297,14.165222222,-53.439166667,4.75
5350,14.269416667,51.367222222,4.75
5839,15.711388889,-34.710555556,4.75
7188,19.051916667,-42.095277778,4.75
8872,23.310416667,68.111666667,4.75
194,0.736500000,-10.609444444,4.76
383,1.324444444,27.264166667,4.76
918,3.092333333,56.705833333,4.76
1843,5.545472222,32.191944444,4.76
2762,7.243944444,-48.271666667,4.76
3220,8.150194444,-61.302500000,4.76
3576,9.042416667,67.629722222,4.76
5068,13.457555556,-15.973611111,4.76
5618,15.063166667,47.654444444,4.76
5899,15.854416667,20.977777778,4.76
5982,16.046638889,46.036666667,4.76
6018,16.149527778,36.490833333,4.76
6700,17.996555556,-23.816111111,4.76
7773,20.344388889,-12.759166667,4.76
7848,20.593000000,-60.581666667,4.76
8796,23.118555556,25.468333333,4.76
125,0.523611111,-48.803611111,4.77
248,0.883472222,-1.144166667,4.77
2503,6.788833333,8.037222222,4.77
3452,8.686972222,-47.316944444,4.77
3858,9.688055556,-23.591666667,4.77
4432,11.505250000,-3.003611111,4.77
5364,14.345138889,-45.187222222,4.77
5381,14.384944444,-27.753888889,4.77
5978,16.072805556,-11.373055556,4.77
6569,17.673222222,-49.415555556,4.77
6978,18.542916667,57.045555556,4.77
7306,19.270277778,21.390277778,4.77
7652,20.059305556,-37.940833333,4.77
1427,4.509361111,16.193888889,4.78
1551,4.877222222,36.703055556,4.78
1887,5.584083333,-6.001944444,4.78
2037,5.874000000,1.855000000,4.78
3237,8.224888889,-35.899722222,4.78
4380,11.318861111,38.185555556,4.78
4920,12.982055556,17.409444444,4.78
6070,16.304972222,-28.613888889,4.78
6417,17.366500000,-67.770555556,4.78
7739,20.254416667,25.591944444,4.78
7822,20.481000000,-17.813611111,4.78
8001,20.887444444,44.387222222,4.78
9084,0.026583333,-77.065833333,4.78
569,1.965472222,23.596111111,4.79
1212,3.904861111,-2.954722222,4.79
1611,4.998833333,-12.537500000,4.79
2427,6.655527778,42.488888889,4.79
2764,7.276888889,-23.315555556,4.79
3113,7.961138889,-30.334722222,4.79
3706,9.329555556,-11.975000000,4.79
3871,9.736694444,-27.769444444,4.79
4054,10.328916667,19.470833333,4.79
4902,12.905888889,-9.538888889,4.79
6141,16.503444444,-25.115000000,4.79
7012,18.757472222,-64.871388889,4.79
8468,22.163444444,72.341111111,4.79
8486,22.260250000,-41.346666667,4.79
8551,22.464305556,4.695555556,4.79
8641,22.695944444,29.307500000,4.79
45,0.243388889,20.206666667,4.80
179,0.701083333,50.512500000,4.80
984,3.263888889,-8.819722222,4.80
1129,3.767305556,63.345000000,4.80
1380,4.401611111,17.443888889,4.80
1937,5.648083333,-7.213055556,4.80
2209,6.314111111,69.319722222,4.80
3616,9.173111111,67.134722222,4.80
3709,9.341388889,-9.555833333,4.80
4716,12.400416667,51.562222222,4.80
4954,13.119638889,27.624722222,4.80
4993,13.254138889,-67.894444444,4.80
5015,13.293416667,5.469722222,4.80
6596,17.615861111,68.758055556,4.80
9066,23.973555556,51.388611111,4.80
105,0.465472222,-33.007222222,4.81
1617,5.023972222,-7.173888889,4.81
2212,6.171638889,-54.968611111,4.81
3728,9.349111111,-62.404722222,4.81
3809,9.584388889,39.621388889,4.81
4707,12.375083333,25.846111111,4.81
4789,12.580861111,22.629166667,4.81
5361,14.299944444,35.509444444,4.81
5409,14.470027778,-2.228055556,4.81
5490,14.723722222,26.527777778,4.81
5600,15.035138889,25.008055556,4.81
6519,17.523611111,-23.962777778,4.81
6631,17.836444444,-40.090555556,4.81
6896,18.422500000,-20.541666667,4.81
7763,20.296444444,38.033055556,4.81
8522,22.355361111,28.330555556,4.81
8582,22.550027778,-61.982222222,4.81
244,0.884472222,61.124166667,4.82
620,2.141472222,37.859166667,4.82
991,3.312166667,34.222777778,4.82
1676,5.161666667,15.597222222,4.82
2084,5.966583333,25.953888889,4.82
2450,6.654638889,-14.145833333,4.82
3159,8.005555556,-63.567500000,4.82
3294,8.375444444,-48.490277778,4.82
4163,10.625888889,-13.384444444,4.82
4196,10.703888889,-64.466388889,4.82
4205,10.735250000,-63.961111111,4.82
4732,12.442111111,-51.450833333,4.82
5127,13.624333333,36.295000000,4.82
5321,14.147472222,77.547500000,4.82
5606,15.085333333,-47.051111111,4.82
5651,15.213750000,-44.500555556,4.82
5901,15.853861111,35.657500000,4.82
6093,16.367888889,1.029166667,4.82
6254,16.820611111,45.983333333,4.82
6318,17.017666667,-4.222500000,4.82
6431,17.288750000,33.100000000,4.82
6945,18.433083333,65.563611111,4.82
7180,18.906638889,71.297222222,4.82
7891,20.642027778,21.201111111,4.82
8151,21.346000000,-40.809722222,4.82
8573,22.510777778,-10.678055556,4.82
8982,23.696055556,-17.816388889,4.82
253,0.916694444,58.972777778,4.83
417,1.460944444,45.406666667,4.83
545,1.892166667,19.295833333,4.83
574,1.952777778,-47.385000000,4.83
643,2.220361111,44.231666667,4.83
996,3.322694444,3.370277778,4.83
1743,5.291416667,-34.895277778,4.83
1744,5.229277778,-67.185277778,4.83
2571,6.892472222,-20.224166667,4.83
2702,7.147527778,-39.655833333,4.83
3282,8.356388889,-33.054444444,4.83
3662,9.269805556,54.021944444,4.83
4080,10.372111111,-41.650000000,4.83
4402,11.410166667,-10.859444444,4.83
5304,14.173305556,25.091666667,4.83
5477,14.685805556,13.728333333,4.83
5972,16.038250000,22.804444444,4.83
6223,16.681972222,64.589166667,4.83
6628,17.819583333,-31.703333333,4.83
7064,18.767916667,26.662222222,4.83
7116,18.902833333,-22.745000000,4.83
7149,18.951027778,-5.846111111,4.83
7618,19.982555556,-26.195555556,4.83
7730,20.221666667,46.815833333,4.83
434,1.503083333,6.143888889,4.84
604,2.065194444,42.330833333,4.84
781,2.659388889,-11.872222222,4.84
837,2.759055556,-67.616666667,4.84
985,3.333166667,65.652222222,4.84
1311,4.232333333,9.263611111,4.84
2961,7.657611111,-38.308333333,4.84
3173,8.140944444,51.506666667,4.84
4112,10.510444444,55.980555556,4.84
4126,10.584861111,75.713055556,4.84
4291,11.009333333,3.617500000,4.84
6159,16.543416667,11.488055556,4.84
7977,20.815638889,46.114166667,4.84
8060,21.073416667,-19.855000000,4.84
8413,22.094666667,5.058611111,4.84
565,1.944500000,-22.526944444,4.85
1350,4.359222222,46.498888889,4.85
2874,7.497611111,-23.024444444,4.85
4222,10.780888889,-64.383333333,4.85
4515,11.754750000,8.258333333,4.85
4933,13.059222222,-49.527222222,4.85
4979,13.200888889,-37.803055556,4.85
6103,16.368277778,30.891944444,4.85
6237,16.754944444,56.781944444,4.85
7292,19.259000000,-25.256666667,4.85
8644,22.725000000,-41.414444444,4.85
8655,22.760527778,-53.500277778,4.85
8797,23.110250000,59.419722222,4.85
8860,23.295750000,49.015277778,4.85
377,1.262805556,-68.876111111,4.86
754,2.597916667,5.593333333,4.86
1689,5.223805556,38.484444444,4.86
1946,5.688250000,16.533888889,4.86
2002,5.816944444,24.567500000,4.86
3414,8.588777778,-58.009166667,4.86
3467,8.707083333,-53.113888889,4.86
3990,10.148972222,-51.811111111,4.86
4729,12.441916667,-63.122500000,4.86
5370,14.329222222,16.306944444,4.86
5480,14.694111111,8.161666667,4.86
5666,15.294138889,-63.610555556,4.86
6675,17.946500000,-44.342222222,4.86
6866,18.347805556,3.377222222,4.86
7515,19.772694444,-19.761111111,4.86
9067,23.977888889,-3.556111111,4.86
660,2.284222222,34.224166667,4.87
932,3.198972222,74.393611111,4.87
1318,4.239916667,-10.256388889,4.87
2056,5.885250000,-33.801388889,4.87
2470,6.770583333,59.441666667,4.87
4374,11.303027778,31.529166667,4.87
5002,13.286944444,-66.783611111,4.87
6334,17.080388889,-34.122777778,4.87
6555,17.537777778,55.173055556,4.87
6595,17.723833333,-21.683333333,4.87
7029,18.738722222,-35.641944444,4.87
7134,18.974361111,-52.938611111,4.87
7152,18.978722222,-37.107500000,4.87
9008,23.784305556,58.651944444,4.87
390,1.372333333,45.528888889,4.88
994,3.306138889,-22.511388889,4.88
1533,4.831833333,37.488333333,4.88
1810,5.460583333,21.936944444,4.88
3003,7.768722222,18.510000000,4.88
3441,8.695361111,-15.943333333,4.88
3919,9.903416667,-25.932500000,4.88
4828,12.698083333,10.235555556,4.88
5941,15.969833333,-14.279444444,4.88
6554,17.536277778,55.184166667,4.88
6682,17.963250000,-41.716111111,4.88
7859,20.626472222,-61.530000000,4.88
8622,22.654361111,39.050277778,4.88
9071,23.983472222,55.755000000,4.88
33,0.187750000,-15.468055556,4.89
223,0.813916667,50.968333333,4.89
708,2.432500000,-12.290555556,4.89
972,3.248361111,21.044444444,4.89
2746,7.220388889,-45.183055556,4.89
3433,8.661805556,-29.561111111,4.89
3556,8.925416667,-27.681944444,4.89
4134,10.522722222,-53.715555556,4.89
4162,10.620472222,-27.412500000,4.89
5967,16.056722222,-38.602500000,4.89
6315,16.933805556,65.134722222,4.89
7517,19.737944444,37.354444444,4.89
7873,20.612111111,-2.550000000,4.89
7952,20.824722222,-46.226944444,4.89
412,1.427000000,-14.598888889,4.90
749,2.564083333,-28.232500000,4.90
2275,6.333222222,-2.944444444,4.90
2585,6.960305556,45.094166667,4.90
2696,7.194250000,39.320555556,4.90
2930,7.652750000,34.584166667,4.90
4549,11.864222222,-65.206111111,4.90
4894,12.888277778,21.245000000,4.90
4924,13.004583333,30.785000000,4.90
6200,16.645805556,48.928333333,4.90
7032,18.725361111,-8.275277778,4.90
7424,19.586944444,-48.099166667,4.90
7965,20.832805556,-33.779722222,4.90
8255,21.579611111,38.534166667,4.90
8717,22.920472222,8.815833333,4.90
788,2.704138889,40.193888889,4.91
1437,4.531305556,-0.043888889,4.91
1621,5.023777778,-20.051944444,4.91
1963,5.707944444,1.474722222,4.91
2010,5.825805556,12.651111111,4.91
2289,6.414972222,49.288055556,4.91
4171,10.643055556,-16.876666667,4.91
4523,11.775305556,-40.500555556,4.91
4583,11.993694444,-78.221944444,4.91
4874,12.844777778,-33.999444444,4.91
5201,13.828555556,21.264166667,4.91
5301,14.180694444,-16.301944444,4.91
5303,14.303833333,-81.007777778,4.91
5660,15.243694444,-31.519166667,4.91
6098,16.474472222,-70.084444444,4.91
6355,17.089638889,12.740833333,4.91
7831,20.494166667,-2.885555556,4.91
7939,20.747916667,25.270555556,4.91
8383,21.944194444,63.625555556,4.91
8926,23.500555556,58.548888889,4.91
2701,7.170472222,-4.237222222,4.92
3582,8.949555556,-59.229444444,4.92
4989,13.237444444,-59.103333333,4.92
4997,13.228611111,40.152777778,4.92
5371,14.376944444,-58.459444444,4.92
5489,14.749777778,-35.191944444,4.92
5586,15.016222222,-8.518888889,4.92
5985,16.090694444,-19.801944444,4.92
7137,18.887111111,50.708333333,4.92
7619,19.927166667,52.438888889,4.92
7956,20.786333333,34.374166667,4.92
8447,22.169111111,-32.548333333,4.92
882,2.984361111,35.183055556,4.93
1302,4.180722222,-41.993611111,4.93
1343,4.340166667,34.566666667,4.93
2148,6.083083333,-16.484444444,4.93
2462,6.643777778,-48.220277778,4.93
2672,7.064916667,-49.583888889,4.93
3122,7.995583333,-3.679722222,4.93
3520,8.829916667,-45.308055556,4.93
4142,10.517222222,-73.221666667,4.93
4823,12.699055556,-59.685833333,4.93
4931,13.012166667,56.366388889,4.93
5634,15.121694444,24.869166667,4.93
7192,19.000250000,32.145555556,4.93
7226,19.106972222,-37.063333333,4.93
7708,20.157111111,36.839722222,4.93
8997,23.733194444,29.361666667,4.93
184,0.724472222,47.024722222,4.94
477,1.676333333,40.576944444,4.94
642,2.206194444,30.303055556,4.94
1329,4.287666667,20.578611111,4.94
1592,4.987611111,37.890277778,4.94
1739,5.321277778,22.096388889,4.94
2934,7.594361111,-52.533888889,4.94
2959,7.673111111,-15.263611111,4.94
3149,8.058638889,27.794166667,4.94
3682,9.260194444,-38.570000000,4.94
3862,9.704000000,-23.915555556,4.94
3923,9.914500000,-19.009444444,4.94
4314,11.088861111,-27.293611111,4.94
4499,11.681555556,-62.090000000,4.94
4795,12.578888889,70.021944444,4.94
